commit	val_bpb	memory_gb	status	description
2774684	1.617516	0.0	baseline	baseline: DEPTH=4, ASPECT_RATIO=32, HEAD_DIM=64, MATRIX_LR=0.06
243cc6f	1.611448	0.0	keep	experiment 6: increase CPU depth from 4 to 6 layers (-0.006 bpb)
c1e179e	1.213347	0.0	baseline	baseline: DEPTH=8, MATRIX_LR=0.02, EMBEDDING_LR=0.3, SCALAR_LR=0.25, WD=0.4, WARMUP=0.1
ba06245	1.213499	0.0	discard	experiment 22: SiLU activation (+0.000 bpb, no improvement)
766628b	1.212222	0.0	keep	experiment 23: reduce weight_decay 0.4->0.1 (-0.001 bpb)
fb8858a	1.213534	0.0	discard	experiment 32: adam_beta1 0.8->0.9 (+0.001 bpb)
8b62669	1.866029	0.0	baseline	baseline (tinyshakespeare): DEPTH=8, ASPECT_RATIO=32, HEAD_DIM=64, MATRIX_LR=0.02, WD=0.1
ed359a7	1.866974	0.0	discard	experiment 33: increase logit softcap 15->30 (+0.001 bpb)
cba26b6	1.863412	0.0	keep	experiment 34: GeLU activation replacing ReluSquared (-0.003 bpb)
95f145a	2.659322	0.0	keep	experiment 37: increase WARMDOWN_RATIO 0.5->0.7 (-0.008 bpb)
99b12c8	2.655447	0.0	keep	experiment 38: increase WARMDOWN_RATIO 0.7->0.85 (-0.004 bpb)
3b71645	2.652300	0.0	keep	experiment 39: increase WARMDOWN_RATIO 0.85->0.9 (-0.003 bpb)
ac7c402	2.622887	0.0	keep	experiment 42: reduce DEPTH 8->6 (-0.030 bpb, 81 steps vs 53)
4408eb7	2.605127	0.0	keep	experiment 43: reduce DEPTH 6->4 (-0.018 bpb, 134 steps)
50c9336	2.603759	0.0	keep	experiment 46: increase EMBEDDING_LR 0.3->0.5 (-0.001 bpb)
972cb5b	2.598429	0.0	keep	experiment 47: reduce softcap 15->10 (-0.005 bpb)
2890fdf	2.592320	0.0	keep	experiment 48: reduce softcap 10->7 (-0.006 bpb)
f1549fc	2.510313	0.0	keep	experiment 50: DEVICE_BATCH_SIZE 4->8, TOTAL_BATCH 2^13->2^14 (-0.082 bpb)
585d637	2.444136	0.0	keep	experiment 51: DEVICE_BATCH_SIZE 8->16, TOTAL_BATCH 2^14->2^15 (-0.066 bpb)
cd0802a	2.442166	0.0	keep	experiment 53: reduce MLP ratio 4x->3x (-0.002 bpb, 44 steps)
e228fae	2.440654	0.0	keep	experiment 54: remove weight decay 0.1->0.0 (-0.002 bpb)
6da0005	2.436641	0.0	keep	experiment 57: FINAL_LR_FRAC 0.0->0.05 (-0.004 bpb)
2f06761	2.432918	0.0	keep	experiment 58: FINAL_LR_FRAC 0.05->0.1 (-0.004 bpb)
4cfdff0	2.424009	0.0	keep	experiment 59: FINAL_LR_FRAC 0.1->0.2 (-0.009 bpb)
eea7eb5	2.401276	0.0	baseline	baseline (tinyshakespeare, CPU re-prep): DEPTH=4, ASPECT_RATIO=32, HEAD_DIM=64, MATRIX_LR=0.02, EMBEDDING_LR=0.5, WD=0.0, WARMUP=0.1, WARMDOWN=0.9, FINAL_LR=0.2
ce94bbb	2.403913	0.0	discard	experiment 60a: FINAL_LR_FRAC 0.2->0.3 (+0.003 bpb, within noise)
3d2b54f	2.421247	0.0	discard	experiment 60b: HEAD_DIM 64->32 (4 heads) (+0.020 bpb)
9969822	2.404550	0.0	discard	experiment 60c: SCALAR_LR 0.25->0.5 (+0.003 bpb, within noise)
1cf139e	2.425239	0.0	discard	experiment 60d: DEPTH 4->3 (+0.024 bpb, lost capacity > gained steps)
3b93aa4	2.855666	0.0	discard	experiment 60e: softcap 7->5 (+0.454 bpb, too restrictive)
b35fe6c	2.474540	0.0	discard	experiment 60f: UNEMBEDDING_LR 0.004->0.008 (+0.073 bpb)
0abd00f	2.435759	0.0	baseline	baseline (tinyshakespeare, fresh data re-prep): DEPTH=4, ASPECT_RATIO=32, HEAD_DIM=64, MATRIX_LR=0.02, EMBEDDING_LR=0.5, WD=0.0, WARMUP=0.1, WARMDOWN=0.9, FINAL_LR=0.2
1f40393	2.433657	0.0	keep	experiment 61: reduce WARMUP_RATIO 0.1->0.05 (-0.002 bpb)
3040ea4	2.690190	0.0	baseline	baseline (tinyshakespeare, fresh session): DEPTH=4, ASPECT_RATIO=32, HEAD_DIM=64, MATRIX_LR=0.02, EMBEDDING_LR=0.5, WD=0.0, WARMUP=0.05, WARMDOWN=0.9, FINAL_LR=0.2
913676b	2.295885	0.0	keep	experiment 62: WINDOW_PATTERN SSSL->L, full attention all layers (-0.394 bpb)
047916e	3.407681	0.0	baseline	baseline (tinyshakespeare, fresh session): DEPTH=4, ASPECT_RATIO=32, HEAD_DIM=64, MATRIX_LR=0.02, EMBEDDING_LR=0.5, WD=0.0, WARMUP=0.05, WARMDOWN=0.9, FINAL_LR=0.2, WINDOW=L
047916e	2.927780	0.0	keep	experiment 63: SwiGLU activation replacing GeLU MLP (-0.480 bpb, same params/steps)
8532037	2.410271	0.0	keep	experiment 78: Adam beta1 0.8->0.7 (-0.002 bpb)
6c0cabe	2.408276	0.0	keep	experiment 79: Adam beta1 0.7->0.6 (-0.002 bpb)
1bc2d98	2.407510	0.0	keep	experiment 80: Adam beta1 0.6->0.5 (-0.001 bpb)
4c1defa	2.405856	0.0	keep	experiment 81: Adam beta1 0.5->0.4 (-0.002 bpb)
54e7e31	2.404435	0.0	keep	experiment 82: Adam beta1 0.4->0.3 (-0.001 bpb)
3783025	2.403638	0.0	keep	experiment 83: Adam beta1 0.3->0.2 (-0.001 bpb)
9c6c76d	2.403149	0.0	keep	experiment 84: Adam beta1 0.2->0.1 (-0.000 bpb)
043ceb4	2.401834	0.0	baseline	baseline (tinyshakespeare, fresh session): DEPTH=4, ASPECT_RATIO=32, HEAD_DIM=64, MATRIX_LR=0.04, EMBEDDING_LR=1.0, WD=0.0, WARMUP=0.05, WARMDOWN=0.9, FINAL_LR=0.2, WINDOW=L
664e801	2.393460	0.0	keep	experiment 85: increase MATRIX_LR 0.04->0.05 (-0.008 bpb)
ca902a3	2.431388	0.0	baseline	baseline (tinyshakespeare, fresh session): DEPTH=4, ASPECT_RATIO=32, HEAD_DIM=64, MATRIX_LR=0.05, EMBEDDING_LR=1.0, WD=0.0, WARMUP=0.05, WARMDOWN=0.9, FINAL_LR=0.2, WINDOW=L
4dfa44f	2.430301	0.0	keep	experiment 86: increase MATRIX_LR 0.05->0.06 (-0.001 bpb)
7f14a01	2.917597	0.0	baseline	baseline (tinyshakespeare, fresh session): DEPTH=4, ASPECT_RATIO=32, HEAD_DIM=64, MATRIX_LR=0.06, EMBEDDING_LR=1.0, WD=0.0, WARMUP=0.05, WARMDOWN=0.9, FINAL_LR=0.2, WINDOW=L
425b564	2.410254	0.0	keep	experiment 87: reduce Muon ns_steps 5->3 (-0.508 bpb, stabilized late training)
7734e38	2.400855	0.0	baseline	baseline (tinyshakespeare, fresh session): DEPTH=4, ASPECT_RATIO=32, HEAD_DIM=64, MATRIX_LR=0.06, EMBEDDING_LR=1.0, WD=0.0, WARMUP=0.05, WARMDOWN=0.9, FINAL_LR=0.2, WINDOW=L
5462041	2.390318	0.0	keep	experiment 88: reduce softcap 15->10 (-0.011 bpb)
b9e37e8	2.430556	0.0	baseline	baseline (tinyshakespeare, fresh session): DEPTH=4, ASPECT_RATIO=32, HEAD_DIM=64, MATRIX_LR=0.06, EMBEDDING_LR=1.0, WD=0.0, WARMUP=0.05, WARMDOWN=0.9, FINAL_LR=0.2, WINDOW=L
2f4be7e	2.431389	0.0	discard	experiment 89: increase EMBEDDING_LR 1.0->1.5 (+0.001 bpb, no improvement)
0762109	2.419947	0.0	keep	experiment 90: reduce softcap 10->8 (-0.011 bpb)
c758c6a	2.369874	0.0	keep	experiment 104: cosine LR schedule replacing linear warmdown (-0.000 bpb)
be5884e	2.389213	0.0	baseline	baseline (tinyshakespeare, fresh session): DEPTH=4, ASPECT_RATIO=32, HEAD_DIM=64, MATRIX_LR=0.06, EMBEDDING_LR=1.0, WD=0.0, WARMUP=0.05, WARMDOWN=0.9, FINAL_LR=0.2, WINDOW=L, softcap=8
faa159e	2.398429	0.0	discard	experiment 91: reduce softcap 8->6 (+0.009 bpb)
21dd28d	2.388885	0.0	keep	experiment 92: increase MATRIX_LR 0.06->0.08 (-0.000 bpb, marginal)
d3f9410	2.385266	0.0	keep	experiment 93: increase MATRIX_LR 0.08->0.10 (-0.004 bpb)
810650d	2.370339	0.0	keep	experiment 94: increase MATRIX_LR 0.10->0.12 (-0.015 bpb)
52ea415	2.380050	0.0	discard	experiment 95: increase MATRIX_LR 0.12->0.15 (+0.010 bpb)
e063d72	2.382575	0.0	discard	experiment 96: increase EMBEDDING_LR 1.0->1.5 (+0.012 bpb)
6d9c9aa	2.384293	0.0	discard	experiment 97: increase ASPECT_RATIO 32->48 (+0.014 bpb, 66 steps vs 73)
49c39fe	2.409339	0.0	discard	experiment 98: remove QK normalization (+0.039 bpb)
e49659f	2.378989	0.0	discard	experiment 99: reduce MLP hidden ratio 2x->1.5x (+0.009 bpb)
bc5758b	2.373838	0.0	discard	experiment 100: increase x0_lambdas init 0.1->0.2 (+0.004 bpb)
b6fc6e8	2.441251	0.0	discard	experiment 101: remove softcap entirely (+0.071 bpb)
a33d654	2.386547	0.0	discard	experiment 102: increase WARMDOWN_RATIO 0.9->0.95 (+0.016 bpb)
bf16cc2	2.384845	0.0	discard	experiment 103: remove warmup WARMUP_RATIO 0.05->0.0 (+0.015 bpb)
a5dd4c2	2.387046	0.0	discard	experiment 105: increase softcap 8->10 (+0.017 bpb)
8c2e861	2.388913	0.0	discard	experiment 106: increase RoPE base 10000->50000 (+0.019 bpb)
1dfde6d	2.398760	0.0	discard	experiment 107: DEPTH 4->5, HEAD_DIM 64->32 (+0.029 bpb, 63 steps)
2568a6b	2.383903	0.0	discard	experiment 108: weight tying (+0.014 bpb)
05ce105	2.380398	0.0	discard	experiment 109: add weight decay 0.0->0.02 (+0.011 bpb)
933ddae	2.382755	0.0	discard	experiment 110: increase Muon momentum target 0.95->0.98 (+0.013 bpb)
0144959	2.380530	0.0	discard	experiment 111: increase FINAL_LR_FRAC 0.2->0.3 (+0.011 bpb)
b96dacf	2.594614	0.0	discard	experiment 112: label smoothing 0.1 (+0.225 bpb, catastrophic)
ba6851f	2.418787	0.0	discard	experiment 113: increase UNEMBEDDING_LR 0.004->0.006 (+0.049 bpb)
538dc7f	2.378567	0.0	discard	experiment 114: reduce embedding init std 1.0->0.5 (+0.009 bpb)
f328671	2.378234	0.0	discard	experiment 115: reduce MATRIX_LR 0.12->0.10 (+0.008 bpb)
f328671	2.381445	0.0	discard	experiment 116: increase DEPTH 4->5 (+0.012 bpb, fewer steps)
f328671	2.384921	0.0	discard	experiment 117: double batch via grad_accum 2->4 (+0.015 bpb)
f328671	2.371513	0.0	discard	experiment 118: reduce Muon ns_steps 3->2 (+0.002 bpb, more steps but worse ortho)
f328671	2.379774	0.0	discard	experiment 119: reduce Adam beta2 0.95->0.9 (+0.010 bpb)
f328671	2.380118	0.0	discard	experiment 120: reduce SCALAR_LR 0.25->0.1 (+0.010 bpb)
f328671	2.386308	0.0	discard	experiment 121: increase lm_head init std 0.001->0.01 (+0.016 bpb)
f328671	2.397437	0.0	discard	experiment 122: z-loss regularization 1e-4 (+0.028 bpb, slowed training)
f328671	2.386256	0.0	discard	experiment 123: increase MATRIX_LR 0.12->0.14 (+0.016 bpb)
f328671	2.401263	0.0	discard	experiment 124: remove x0 residual connection (+0.031 bpb)
f328671	2.377082	0.0	discard	experiment 125: change random seed 42->137 (+0.007 bpb)
54f47f9	2.327917	0.0	keep	experiment 129: double batch DEVICE_BS 16->32, TOTAL_BS 2^15->2^16 (-0.042 bpb)
99aab7c	2.387260	0.0	discard	experiment 126: swap block order MLP-first (+0.017 bpb)
99aab7c	2.390249	0.0	discard	experiment 127: increase MLP hidden ratio 2x->3x (+0.020 bpb)
99aab7c	2.385147	0.0	discard	experiment 128: faster Muon momentum warmup 300->50 steps (+0.015 bpb)
080b6e8	2.369746	0.0	discard	experiment 130: increase TOTAL_BS 2^16->2^17 via grad_accum=2 (+0.042 bpb, only 27 steps)
b444afb	2.327412	0.0	keep	experiment 131: add gradient clipping max_norm=1.0 (-0.001 bpb)
18b0978	2.331639	0.0	discard	experiment 132: parallel attn+MLP PaLM-style block (+0.004 bpb)
f65b075	2.326081	0.0	keep	experiment 133: tighten gradient clipping max_norm 1.0->0.5 (-0.001 bpb)
3f00f8e	2.326325	0.0	discard	experiment 134: tighten gradient clipping 0.5->0.3 (+0.000 bpb)
3304f8e	2.325136	0.0	keep	experiment 135: faster Muon momentum warmup 300->100 steps (-0.001 bpb)
64138f4	2.328605	0.0	discard	experiment 139: reduce x0_lambdas init 0.1->0.05 (+0.003 bpb)
11aac95	2.322774	0.0	keep	experiment 140: increase softcap 8->9 (-0.002 bpb)
1f0a162	2.321514	0.0	keep	experiment 141: increase softcap 9->10 (-0.001 bpb)
4622b74	2.320787	0.0	keep	experiment 142: increase softcap 10->12 (-0.001 bpb)
5d01132	2.321413	0.0	discard	experiment 143: increase softcap 12->15 (+0.001 bpb)
6e9b3af	2.320682	0.0	keep	experiment 144: reduce RoPE base 10000->5000 (-0.000 bpb, marginal)
ed00a51	2.390718	0.0	baseline	baseline (tinyshakespeare, fresh session): DEPTH=4, ASPECT_RATIO=32, HEAD_DIM=64, MATRIX_LR=0.12, EMBEDDING_LR=1.0, WD=0.0, WARMUP=0.05, WARMDOWN=0.9, FINAL_LR=0.2, WINDOW=L, softcap=12, RoPE=5000
ed00a51	2.391506	0.0	discard	experiment 145: increase Adam beta2 0.95->0.99 (+0.001 bpb)
ed00a51	2.391740	0.0	discard	experiment 146: increase softcap 12->14 (+0.001 bpb)
ed00a51	2.425798	0.0	discard	experiment 147: reduce UNEMBEDDING_LR 0.004->0.002 (+0.035 bpb)
ed00a51	2.389726	0.0	keep	experiment 148: reduce RoPE base 5000->3000 (-0.001 bpb)
d22e2cc	2.373905	0.0	baseline	baseline (tinyshakespeare, fresh session): DEPTH=4, ASPECT_RATIO=32, HEAD_DIM=64, MATRIX_LR=0.12, EMBEDDING_LR=1.0, WD=0.0, WARMUP=0.05, WARMDOWN=0.9, FINAL_LR=0.2, WINDOW=L, softcap=12, RoPE=3000
ba9c4eb	2.364568	0.0	keep	experiment 149: WSD LR schedule with 20% stable phase at peak LR (-0.009 bpb)
f955259	2.353413	0.0	keep	experiment 157: reduce CPU warmup guard step>10 to step>0 (-0.000 bpb, +1 training step, 7min wall-clock savings)
1c430ff	2.349832	0.0	keep	experiment 159: reduce EMBEDDING_LR 1.0->0.8 (-0.004 bpb)
18bc9b0	2.379292	0.0	baseline	baseline (tinyshakespeare, fresh session): DEPTH=4, ASPECT_RATIO=32, HEAD_DIM=64, MATRIX_LR=0.12, EMBEDDING_LR=0.8, WD=0.0, WARMUP=0.05, WARMDOWN=0.9, FINAL_LR=0.2, WINDOW=L, softcap=12, RoPE=3000
18bc9b0	2.380623	0.0	discard	experiment 160: reduce RoPE base 3000->2000 (+0.001 bpb)
9fa0c2a	2.374589	0.0	keep	experiment 161: reduce EMBEDDING_LR 0.8->0.6 (-0.005 bpb)
9d97391	2.305487	0.0	discard	experiment 174: reduce FINAL_LR_FRAC 0.2->0.1 (+0.001 bpb)
e8de350	2.328587	0.0	baseline	baseline (tinyshakespeare, fresh session): DEPTH=4, ASPECT_RATIO=32, HEAD_DIM=64, MATRIX_LR=0.12, EMBEDDING_LR=0.4, WD=0.0, WARMUP=0.0, STABLE=0.80, WARMDOWN=0.9, FINAL_LR=0.2, WINDOW=L, softcap=12, RoPE=3000
e8de350	2.328996	0.0	discard	experiment 175: increase STABLE_RATIO 0.80->0.85 (+0.000 bpb)
1c794fb	2.327979	0.0	keep	experiment 176: reduce EMBEDDING_LR 0.4->0.3 (-0.001 bpb)
e1a9ca6	2.305634	0.0	discard	experiment 181: GeGLU activation GELU gate (+0.002 bpb)
1864696	2.302953	0.0	keep	experiment 182: increase softcap 12->14 (-0.001 bpb)
0e093c9	2.302797	0.0	keep	experiment 183: increase softcap 14->16 (-0.000 bpb)
90015a9	2.302782	0.0	keep	experiment 184: increase softcap 16->20 (-0.000 bpb)
d2f257d	2.308985	0.0	discard	experiment 191: add warmup 0.0->0.02 (+0.006 bpb)
76787a4	2.302542	0.0	keep	experiment 192: reduce STABLE_RATIO 0.80->0.75 (-0.000 bpb)
799d9cd	2.303002	0.0	discard	experiment 193: reduce STABLE_RATIO 0.75->0.70 (+0.000 bpb)
15c86f9	2.301368	0.0	keep	experiment 194: reduce init scale 3^0.5->2^0.5 (-0.001 bpb)
156b2c4	2.305105	0.0	discard	experiment 200: increase MATRIX_LR 0.12->0.16 (+0.004 bpb)
6bdc095	2.301150	0.0	keep	experiment 201: normal init instead of uniform (-0.000 bpb)
363a090	2.420364	0.0	baseline	baseline (tinyshakespeare, fresh session): DEPTH=4, ASPECT_RATIO=32, HEAD_DIM=64, MATRIX_LR=0.12, EMBEDDING_LR=0.3, WD=0.0, WARMUP=0.0, STABLE=0.75, WARMDOWN=0.9, FINAL_LR=0.2, WINDOW=L, softcap=20, RoPE=3000
dd29a5e	2.420444	0.0	discard	experiment 202: reduce EMBEDDING_LR 0.3->0.2 (+0.000 bpb, no improvement)
976037f	2.420132	0.0	keep	experiment 203: increase softcap 20->25 (-0.000 bpb)
64b1a91	2.369361	0.0	baseline	baseline (tinyshakespeare, fresh session): DEPTH=4, ASPECT_RATIO=32, HEAD_DIM=64, MATRIX_LR=0.12, EMBEDDING_LR=0.3, WD=0.0, WARMUP=0.0, STABLE=0.50, WARMDOWN=0.9, FINAL_LR=0.3, WINDOW=L, softcap=25, RoPE=3000
64b1a91	2.368874	0.0	keep	experiment 230: increase softcap 25->30 (-0.000 bpb)
a6b000c	2.474827	0.0	baseline	baseline (tinyshakespeare, fresh session): DEPTH=4, ASPECT_RATIO=32, HEAD_DIM=64, MATRIX_LR=0.12, EMBEDDING_LR=0.3, WD=0.0, WARMUP=0.0, STABLE=0.50, WARMDOWN=0.9, FINAL_LR=0.3, WINDOW=L, softcap=30, RoPE=3000
70c5d6f	2.468400	0.0	keep	experiment 231: reduce STABLE_RATIO 0.50->0.40 (-0.006 bpb)
57de441	2.311968	0.0	discard	experiment 232: reduce STABLE_RATIO 0.40->0.30 (+0.003 bpb)
b96c0d1	2.306001	0.0	keep	experiment 233: increase STABLE_RATIO 0.40->0.50 (-0.003 bpb)
7bc87e1	2.312538	0.0	discard	experiment 243: increase MATRIX_LR 0.15->0.18 (+0.015 bpb)
75ceaf1	2.641882	0.0	discard	experiment 244: increase EMBEDDING_LR 0.4->0.5 (+0.004 bpb)
f5055d6	2.635508	0.0	keep	experiment 245: faster Muon momentum warmup 100->20 steps (-0.002 bpb)
b48558a	2.369398	0.0	baseline	baseline (tinyshakespeare, fresh session): DEPTH=4, ASPECT_RATIO=32, HEAD_DIM=64, MATRIX_LR=0.15, EMBEDDING_LR=0.4, WD=0.0, WARMUP=0.0, STABLE=0.70, WARMDOWN=0.9, FINAL_LR=0.3, WINDOW=L, softcap=30, RoPE=3000
b0f0f8d	2.368568	0.0	keep	experiment 246: reduce Adam beta1 0.05->0.01 (-0.001 bpb)
7659076	2.368935	0.0	discard	experiment 247: increase STABLE_RATIO 0.70->0.75 (+0.000 bpb)
22cab28	2.367916	0.0	keep	experiment 248: reduce FINAL_LR_FRAC 0.3->0.2 (-0.001 bpb)
96f11d2	2.368819	0.0	discard	experiment 249: reduce FINAL_LR_FRAC 0.2->0.1 (+0.001 bpb)
3131b5b	2.367020	0.0	keep	experiment 250: reduce softcap 30->25 (-0.001 bpb)
13a4ee5	2.368943	0.0	discard	experiment 251: reduce softcap 25->20 (+0.002 bpb)
bf2fe05	2.376873	0.0	discard	experiment 252: increase MATRIX_LR 0.15->0.20 (+0.010 bpb)
bca6363	2.370558	0.0	discard	experiment 253: increase x0_lambdas init 0.1->0.15 (+0.004 bpb)
b48558a	2.366287	0.0	keep	experiment 254: increase Muon momentum start 0.80->0.90 (-0.001 bpb)
1645e78	2.367459	0.0	discard	experiment 255: increase Muon momentum start 0.90->0.93 (+0.001 bpb)
018d411	2.368188	0.0	discard	experiment 256: reduce STABLE_RATIO 0.70->0.65 (+0.002 bpb)
eaa95eb	2.366976	0.0	discard	experiment 257: reduce EMBEDDING_LR 0.4->0.35 (+0.001 bpb)
2a459b5	2.371882	0.0	discard	experiment 258: increase Muon ns_steps 3->4 (+0.006 bpb)
8567242	2.369003	0.0	discard	experiment 259: relax gradient clipping 0.5->1.0 (+0.003 bpb)
c727394	2.368841	0.0	discard	experiment 260: increase RoPE base 3000->4000 (+0.003 bpb)
c457263	2.366569	0.0	discard	experiment 261: increase Muon beta2 0.95->0.99 (+0.000 bpb)
2b0be18	2.372948	0.0	discard	experiment 262: tighten gradient clipping 0.5->0.4 (+0.007 bpb)
82bfe21	2.374030	0.0	discard	experiment 263: increase MLP hidden 2x->2.5x (+0.008 bpb)
4163e5d	2.367421	0.0	discard	experiment 264: reduce SCALAR_LR 0.25->0.20 (+0.001 bpb)
3518a9a	2.366902	0.0	discard	experiment 265: increase SCALAR_LR 0.25->0.30 (+0.001 bpb)
106d7a0	2.371882	0.0	discard	experiment 266: increase MATRIX_LR 0.15->0.17 (+0.006 bpb)
a4249aa	2.368152	0.0	discard	experiment 267: reduce MATRIX_LR 0.15->0.13 (+0.002 bpb)
68fd332	2.367919	0.0	discard	experiment 268: x0_lambdas Adam beta1 0.5->0.01 (+0.002 bpb)
77e1304	2.422133	0.0	baseline	baseline (tinyshakespeare, fresh session): DEPTH=4, ASPECT_RATIO=32, HEAD_DIM=64, MATRIX_LR=0.15, EMBEDDING_LR=0.4, WD=0.0, WARMUP=0.0, STABLE=0.70, WARMDOWN=0.9, FINAL_LR=0.2, WINDOW=L, softcap=25, RoPE=3000
77e1304	2.418621	0.0	keep	experiment 269: faster Muon momentum warmup 20->10 steps (-0.004 bpb)
bc88561	2.443654	0.0	discard	experiment 283: increase dropout 0.3->0.4 (+0.000 bpb)
e3eb0e6	2.328120	0.0	baseline	baseline (tinyshakespeare, fresh session): DEPTH=4, ASPECT_RATIO=32, HEAD_DIM=64, MATRIX_LR=0.15, EMBEDDING_LR=0.4, WD=0.0, WARMUP=0.0, STABLE=0.80, WARMDOWN=0.9, FINAL_LR=0.3, WINDOW=L, softcap=25, RoPE=3000, dropout=0.3
a278b14	2.332024	0.0	discard	experiment 284: reduce dropout 0.3->0.2 (+0.004 bpb)
6a3d885	2.326043	0.0	keep	experiment 285: reduce MATRIX_LR 0.15->0.12 (-0.002 bpb)
a004640	2.416588	0.0	keep	experiment 295: reduce FINAL_LR_FRAC 0.3->0.2 (-0.000 bpb)
981a28e	2.273375	0.0	keep	experiment 302: reduce CPU dataloader buffer_size 1000->100 (-0.127 bpb)
6e4de8c	2.268338	0.0	keep	experiment 303: reduce buffer_size 100->50 (-0.005 bpb)
662d226	2.258575	0.0	keep	experiment 304: reduce buffer_size 50->20 (-0.010 bpb)
7744163	2.254294	0.0	keep	experiment 305: reduce buffer_size 20->5 (-0.004 bpb)
7249cf8	2.252309	0.0	keep	experiment 306: reduce buffer_size 5->1 (-0.002 bpb)
8858323	2.236277	0.0	baseline	baseline (tinyshakespeare, fresh session): DEPTH=4, ASPECT_RATIO=32, HEAD_DIM=64, MATRIX_LR=0.12, EMBEDDING_LR=0.8, WD=0.0, WARMUP=0.0, STABLE=0.70, WARMDOWN=0.9, FINAL_LR=0.2, WINDOW=L, RoPE=3000
3028c32	2.233511	0.0	keep	experiment 307: reduce EMBEDDING_LR 0.8->0.5 (-0.003 bpb)
9a15ae5	2.246863	0.0	discard	experiment 320: increase dropout 0.2->0.3 (+0.006 bpb)
95e13a8	2.240833	0.0	discard	experiment 329: increase embedding dropout 0.2->0.3 (+0.007 bpb)
4f402aa	2.228554	0.0	discard	experiment 337: reduce Muon beta2 0.90->0.85 (+0.001 bpb)
fdaf19c	2.235501	0.0	discard	experiment 338: increase MATRIX_LR 0.16->0.20 (+0.008 bpb)
fdaf19c	2.320974	0.0	discard	experiment 339: increase UNEMBEDDING_LR 0.004->0.008 (+0.093 bpb)
fdaf19c	2.231903	0.0	discard	experiment 340: increase WEIGHT_DECAY 0.02->0.04 (+0.004 bpb)
fdaf19c	2.233082	0.0	discard	experiment 341: reduce WEIGHT_DECAY 0.02->0.01 (+0.006 bpb)
fdaf19c	2.233956	0.0	discard	experiment 342: increase EMBEDDING_LR 0.7->0.9 (+0.006 bpb)
fdaf19c	2.236381	0.0	discard	experiment 343: reduce EMBEDDING_LR 0.7->0.6 (+0.009 bpb)
fdaf19c	2.238396	0.0	discard	experiment 344: increase FINAL_LR_FRAC 0.2->0.3 (+0.011 bpb)
fdaf19c	2.230901	0.0	discard	experiment 345: reduce FINAL_LR_FRAC 0.2->0.1 (+0.003 bpb)
fdaf19c	2.231473	0.0	discard	experiment 346: reduce STABLE_RATIO 0.50->0.45 (+0.004 bpb)
fdaf19c	2.236972	0.0	discard	experiment 347: increase STABLE_RATIO 0.50->0.55 (+0.009 bpb)
fdaf19c	2.236168	0.0	discard	experiment 348: reduce MATRIX_LR 0.16->0.14 (+0.009 bpb)
fdaf19c	2.233263	0.0	discard	experiment 349: remove cautious mask from Muon weight decay (+0.006 bpb)
fdaf19c	2.234473	0.0	discard	experiment 350: constant weight decay (no linear decay) (+0.007 bpb)
fdaf19c	2.232447	0.0	discard	experiment 351: linear warmdown instead of cosine (+0.005 bpb)
fdaf19c	2.234264	0.0	discard	experiment 352: reduce embedding init std 1.0->0.5 (+0.007 bpb)
fdaf19c	2.241126	0.0	discard	experiment 353: increase Muon momentum target 0.90->0.95 (+0.014 bpb)
fdaf19c	2.234733	0.0	discard	experiment 354: constant Muon momentum 0.85 (+0.007 bpb)
fdaf19c	2.240925	0.0	discard	experiment 355: increase DEPTH 4->5 (+0.013 bpb)
fdaf19c	2.259921	0.0	discard	experiment 356: DEPTH=3, ASPECT_RATIO=48 (+0.032 bpb)
fdaf19c	2.232441	0.0	discard	experiment 357: add weight decay 0.01 to embedding AdamW (+0.005 bpb)
fdaf19c	2.236613	0.0	discard	experiment 358: reduce Adam beta2 0.95->0.90 (+0.009 bpb)
fdaf19c	2.238336	0.0	discard	experiment 359: remove embedding dropout 0.2->0.0 (+0.011 bpb)
fdaf19c	2.249833	0.0	discard	experiment 360: HEAD_DIM 64->32 (4 heads) (+0.022 bpb)
fdaf19c	2.234789	0.0	discard	experiment 361: HEAD_DIM 64->128 (1 head) (+0.007 bpb)
fdaf19c	2.229175	0.0	discard	experiment 362: reduce DEVICE_BATCH_SIZE 32->16 (+0.002 bpb)
fdaf19c	2.234116	0.0	discard	experiment 363: reduce block dropout 0.20->0.15 (+0.007 bpb)
fdaf19c	2.230579	0.0	discard	experiment 364: increase block dropout 0.20->0.25 (+0.003 bpb)
fdaf19c	2.229644	0.0	discard	experiment 365: label smoothing 0.1 training only (+0.002 bpb)
3e98231	2.225178	0.0	keep	experiment 366: label smoothing 0.05 training only (-0.002 bpb)
ca7069f	2.227588	0.0	discard	experiment 367: reduce label smoothing 0.05->0.03 (+0.002 bpb)
ca7069f	2.227227	0.0	discard	experiment 368: increase label smoothing 0.05->0.07 (+0.002 bpb)
ca7069f	2.225860	0.0	discard	experiment 369: add warmup 0.0->0.02 (+0.001 bpb)
ca7069f	2.242199	0.0	discard	experiment 370: reduce Muon ns_steps 2->1 (+0.017 bpb)
caf371b	2.223650	0.0	keep	experiment 371: increase MATRIX_LR 0.16->0.18 (-0.002 bpb)
78dd48a	2.222999	0.0	keep	experiment 372: increase MATRIX_LR 0.18->0.20 (-0.001 bpb)
78dd48a	2.226648	0.0	discard	experiment 373: increase MATRIX_LR 0.20->0.22 (+0.004 bpb)
78dd48a	2.225828	0.0	discard	experiment 374: increase EMBEDDING_LR 0.7->0.8 (+0.003 bpb)
ca7069f	2.219464	0.0	keep	experiment 375: increase WEIGHT_DECAY 0.02->0.03 (-0.004 bpb)
ca7069f	2.224754	0.0	discard	experiment 376: increase WEIGHT_DECAY 0.03->0.04 (+0.005 bpb)
ca7069f	2.219295	0.0	discard	experiment 377: increase embedding dropout 0.2->0.25 (+0.000 bpb)
ca7069f	2.219695	0.0	discard	experiment 378: increase block dropout 0.20->0.25 (+0.000 bpb)
ca7069f	2.248849	0.0	discard	experiment 379: increase UNEMBEDDING_LR 0.004->0.006 (+0.029 bpb)
ca7069f	2.222797	0.0	discard	experiment 380: reduce UNEMBEDDING_LR 0.004->0.003 (+0.003 bpb)
ca7069f	2.223696	0.0	discard	experiment 381: halve resid_lambdas LR 0.01->0.005 (+0.004 bpb)
ca7069f	2.223439	0.0	discard	experiment 382: increase label smoothing 0.05->0.06 (+0.004 bpb)
ca7069f	2.220458	0.0	discard	experiment 383: reduce label smoothing 0.05->0.04 (+0.001 bpb)
ca7069f	2.220778	0.0	discard	experiment 384: add dropout 0.1 before lm_head (+0.001 bpb)
ca7069f	2.231230	0.0	discard	experiment 385: reduce x0_lambdas Adam beta1 0.5->0.1 (+0.012 bpb)
ca7069f	2.238405	0.0	discard	experiment 386: GELU activation instead of SiLU (+0.019 bpb)
ca7069f	2.235093	0.0	discard	experiment 387: reduce transformer init std sqrt(2)->sqrt(1) (+0.016 bpb)
ca7069f	2.221911	0.0	discard	experiment 388: reduce RoPE base 3000->2000 (+0.002 bpb)
ca7069f	2.224321	0.0	discard	experiment 389: tighten gradient clipping 0.5->0.3 (+0.005 bpb)
ca7069f	2.230235	0.0	discard	experiment 390: relax gradient clipping 0.5->1.0 (+0.011 bpb)
ca7069f	2.219577	0.0	discard	experiment 393: remove resid_lambdas (fix at 1.0) (+0.000 bpb)
ca7069f	2.220189	0.0	discard	experiment 394: increase x0_lambdas init 0.1->0.2 (+0.001 bpb)
ca7069f	2.230302	0.0	discard	experiment 395: increase lm_head init std 0.001->0.01 (+0.011 bpb)
ca7069f	2.219338	0.0	discard	experiment 396: add bias to lm_head (+0.000 bpb)
ca7069f	2.234864	0.0	discard	experiment 397: ASPECT_RATIO 32->40 wider model (+0.015 bpb)
ca7069f	2.236592	0.0	discard	experiment 398: remove embedding norm (+0.017 bpb)
ca7069f	2.299397	0.0	discard	experiment 399: remove x0 skip connection (+0.080 bpb)
ca7069f	2.234886	0.0	discard	experiment 400: increase Adam beta1 0.01->0.05 (+0.015 bpb)
ca7069f	2.245458	0.0	discard	experiment 401: increase MLP hidden ratio 2x->3x (+0.026 bpb)
ca7069f	2.232515	0.0	discard	experiment 402: reduce MLP hidden ratio 2x->1.5x (+0.013 bpb)
ca7069f	2.320974	0.0	discard	experiment 391: learnable logit_scale (loss exploded)
ca7069f	2.232925	0.0	discard	experiment 392: increase SCALAR_LR 0.25->0.35 (+0.013 bpb)
ca7069f	2.250217	0.0	discard	experiment 403: stochastic depth p=0.1 (+0.031 bpb)
ca7069f	2.817529	0.0	discard	experiment 404: gradient noise injection (+0.598 bpb)
ca7069f	2.225147	0.0	discard	experiment 405: swap embedding dropout/norm order (+0.006 bpb)
ca7069f	2.241648	0.0	discard	experiment 406: change seed 42->7 (+0.022 bpb)
ca7069f	2.234603	0.0	discard	experiment 407: keep embeddings in fp32 (+0.015 bpb)
ca7069f	3.644659	0.0	discard	experiment 408: weight tying wte/lm_head (+1.425 bpb)
ca7069f	2.222055	0.0	discard	experiment 411: exclude step 1 from time budget (+0.003 bpb)
ca7069f	2.226892	0.0	discard	experiment 412: increase EMBEDDING_LR 0.7->0.75 (+0.007 bpb)
ca7069f	2.230659	0.0	discard	experiment 413: reduce MATRIX_LR 0.20->0.19 (+0.011 bpb)
ca7069f	2.226947	0.0	discard	experiment 414: add WD 0.01 to lm_head (+0.007 bpb)
ca7069f	2.257762	0.0	discard	experiment 415: increase Muon ns_steps 2->3 (+0.038 bpb)
ca7069f	2.226365	0.0	discard	experiment 416: warmup 0.01 + stable 0.49 (+0.007 bpb)
ca7069f	2.254030	0.0	discard	experiment 417: plain momentum instead of Nesterov (+0.035 bpb)
ca7069f	2.235165	0.0	discard	experiment 418: remove 1.02 scaling in polar express (+0.016 bpb)
ca7069f	2.227888	0.0	discard	experiment 419: reduce WEIGHT_DECAY 0.03->0.025 (+0.008 bpb)
ca7069f	2.228432	0.0	discard	experiment 420: increase WEIGHT_DECAY 0.03->0.035 (+0.009 bpb)
ca7069f	2.250070	0.0	discard	experiment 421: z-loss regularization 1e-4 (+0.031 bpb)
ca7069f	2.248954	0.0	discard	experiment 422: z-loss regularization 1e-5 (+0.029 bpb)
ca7069f	2.220628	0.0	discard	experiment 423: LayerNorm instead of RMSNorm (+0.001 bpb)
ca7069f	2.223290	0.0	discard	experiment 424: EMA weights decay=0.9 (+0.004 bpb)
ca7069f	2.221066	0.0	discard	experiment 425: quadratic warmdown (+0.002 bpb)
ca7069f	2.222090	0.0	discard	experiment 426: half-cosine warmdown (+0.003 bpb)
ca7069f	2.237516	0.0	discard	experiment 427: remove QK normalization (+0.018 bpb)
ca7069f	2.221779	0.0	discard	experiment 428: norm only Q not K (+0.002 bpb)
ca7069f	2.226227	0.0	discard	experiment 429: norm before RoPE (+0.007 bpb)
ca7069f	2.222055	0.0	discard	experiment 411: exclude step 1 from time budget (+0.003 bpb)
ca7069f	2.226892	0.0	discard	experiment 412: increase EMBEDDING_LR 0.7->0.75 (+0.007 bpb)
ca7069f	2.230659	0.0	discard	experiment 413: reduce MATRIX_LR 0.20->0.19 (+0.011 bpb)
ca7069f	2.226947	0.0	discard	experiment 414: add WD 0.01 to lm_head (+0.007 bpb)
ca7069f	2.257762	0.0	discard	experiment 415: increase Muon ns_steps 2->3 (+0.038 bpb)
ca7069f	2.226365	0.0	discard	experiment 416: warmup 0.01 + stable 0.49 (+0.007 bpb)
ca7069f	2.254030	0.0	discard	experiment 417: plain momentum instead of Nesterov (+0.035 bpb)
ca7069f	2.235165	0.0	discard	experiment 418: remove 1.02 scaling in polar express (+0.016 bpb)
ca7069f	2.227888	0.0	discard	experiment 419: reduce WEIGHT_DECAY 0.03->0.025 (+0.008 bpb)
ca7069f	2.228432	0.0	discard	experiment 420: increase WEIGHT_DECAY 0.03->0.035 (+0.009 bpb)
ca7069f	2.250070	0.0	discard	experiment 421: z-loss regularization 1e-4 (+0.031 bpb)
ca7069f	2.220628	0.0	discard	experiment 423: LayerNorm instead of RMSNorm (+0.001 bpb)
ca7069f	2.223290	0.0	discard	experiment 424: EMA weights decay=0.9 (+0.004 bpb)
ca7069f	2.221066	0.0	discard	experiment 425: quadratic warmdown (+0.002 bpb)
ca7069f	2.222090	0.0	discard	experiment 426: half-cosine warmdown (+0.003 bpb)
ca7069f	2.237516	0.0	discard	experiment 427: remove QK normalization (+0.018 bpb)
ca7069f	2.221779	0.0	discard	experiment 428: norm only Q not K (+0.002 bpb)
ca7069f	2.226227	0.0	discard	experiment 429: norm before RoPE (+0.007 bpb)
ca7069f	2.242843	0.0	discard	experiment 432: both dropouts 0.20->0.25 (+0.023 bpb)
ca7069f	2.226443	0.0	discard	experiment 433: MATRIX_LR 0.20->0.21 (+0.007 bpb)
ca7069f	2.224818	0.0	discard	experiment 434: nonzero init for projection layers (+0.005 bpb)
ca7069f	2.232979	0.0	discard	experiment 435: Muon momentum start 0.85->0.80 (+0.014 bpb)
ca7069f	2.233464	0.0	discard	experiment 436: reduce EMBEDDING_LR 0.7->0.65 (+0.014 bpb)
ca7069f	2.241016	0.0	discard	experiment 437: no MLP dropout (+0.022 bpb)
ca7069f	2.235440	0.0	discard	experiment 438: add dropout before attn projection (+0.016 bpb)
ca7069f	2.222823	0.0	discard	experiment 439: reduce Muon beta2 0.90->0.85 (+0.003 bpb)
ca7069f	2.224953	0.0	discard	experiment 440: reduce FINAL_LR_FRAC 0.2->0.15 (+0.005 bpb)
ca7069f	2.226485	0.0	discard	experiment 441: increase FINAL_LR_FRAC 0.2->0.25 (noise)
ca7069f	2.224781	0.0	discard	experiment 452: reduce SCALAR_LR 0.25->0.15 (+0.005 bpb)
ca7069f	2.223974	0.0	discard	experiment 453: reduce SCALAR_LR 0.25->0.20 (+0.005 bpb)
ca7069f	2.230819	0.0	discard	experiment 454: asymmetric dropout attn=0.25 mlp=0.15 (+0.011 bpb)
a31b6a5	2.216232	0.0	keep	experiment 455: asymmetric dropout attn=0.15 mlp=0.25 (-0.006 bpb avg)
a31b6a5	2.229018	0.0	discard	experiment 456: attn_dropout 0.15->0.10 (+0.009 bpb)
a31b6a5	2.228168	0.0	discard	experiment 457: mlp_dropout 0.25->0.30 (+0.008 bpb)
a31b6a5	2.221271	0.0	discard	experiment 458: mlp_dropout 0.25->0.20 (+0.001 bpb)
a31b6a5	2.217536	0.0	discard	experiment 459: reduce embedding dropout 0.20->0.15 (-0.003 single run, noise)
a31b6a5	2.232886	0.0	discard	experiment 460: increase embedding dropout 0.20->0.25 (+0.013 bpb)
a31b6a5	2.219624	0.0	discard	experiment 461: x0_lambdas init 0.1->0.05 (-0.001, noise)
a31b6a5	2.226055	0.0	discard	experiment 462: RoPE base 3000->5000 (+0.006 bpb)
cb21267	2.215326	0.0	keep	experiment 463: Muon beta2 0.90->0.95 (-0.002 bpb avg)
274d637	2.214922	0.0	keep	experiment 464: Muon beta2 0.95->0.99 (-0.002 bpb avg)
274d637	2.246645	0.0	discard	experiment 465: Muon beta2 0.99->0.999 (+0.031 bpb)
274d637	2.218757	0.0	discard	experiment 466: gradient clip 0.5->0.7 (+0.003 bpb)
274d637	2.220297	0.0	discard	experiment 467: Adam beta2 0.95->0.99 (+0.004 bpb)
274d637	2.216284	0.0	discard	experiment 468: STABLE_RATIO 0.50->0.55 (noise)
274d637	2.217886	0.0	discard	experiment 469: half batch size 2^16->2^15 (+0.002 bpb)
274d637	2.230641	0.0	discard	experiment 470: Muon momentum target 0.90->0.95 (+0.015 bpb)
274d637	2.215313	0.0	discard	experiment 471: WD floor at 20% of initial (noise)
274d637	2.215590	0.0	discard	experiment 472: WARMDOWN_RATIO 0.9->0.85 (noise)
274d637	2.229560	0.0	discard	experiment 473: MATRIX_LR 0.20->0.22 with beta2=0.99 (+0.014 bpb)
274d637	2.222675	0.0	discard	experiment 474: MATRIX_LR 0.20->0.18 with beta2=0.99 (+0.007 bpb)
274d637	2.223107	0.0	discard	experiment 475: standard WD instead of cautious (+0.007 bpb)
274d637	2.220800	0.0	discard	experiment 476: FINAL_LR_FRAC 0.20->0.10 (+0.005 bpb)
274d637	2.742460	0.0	discard	experiment 477: logit scaling 1/sqrt(d) (+0.526 bpb)
304c8e8	2.213801	0.0	keep	experiment 478: faster Muon momentum ramp 10->5 steps (-0.001 bpb avg)
304c8e8	2.214656	0.0	discard	experiment 479: momentum ramp 5->3 steps (noise)
304c8e8	2.241373	0.0	discard	experiment 480: WARMUP_RATIO 0.0->0.05 (+0.026 bpb)
ac14378	2.214746	0.0	keep	experiment 481: label smoothing 0.05->0.06 (-0.001 bpb avg)
ac14378	2.218835	0.0	discard	experiment 482: label smoothing 0.06->0.07 (+0.004 bpb)
ac14378	2.222097	0.0	discard	experiment 483: lm_head init std 0.001->0.002 (+0.007 bpb)
ac14378	2.219822	0.0	discard	experiment 484: polar express scaling 1.02->1.05 (+0.005 bpb)
ac14378	2.215491	0.0	discard	experiment 485: WEIGHT_DECAY 0.03->0.035 (+0.001 bpb)
ac14378	2.214850	0.0	discard	experiment 486: EMBEDDING_LR 0.7->0.6 (noise)
ac14378	2.229877	0.0	discard	experiment 487: UNEMBEDDING_LR 0.004->0.005 (+0.015 bpb)
ac14378	2.231979	0.0	discard	experiment 488: resid_lambdas init 1.0->0.9 (+0.017 bpb)
ac14378	2.238097	0.0	discard	experiment 489: SCALAR_LR 0.25->0.30 (+0.023 bpb)
ac14378	2.216078	0.0	discard	experiment 490: add WD 0.01 to x0_lambdas (+0.001 bpb)
ac14378	2.221053	0.0	discard	experiment 491: smaller init std factor 3->5 (+0.006 bpb)
ac14378	1.340657	0.0	baseline	[synthetic data] baseline: CPU, DEPTH=4, 0.9M params, 35 steps (HF dataset unavailable)
ac14378	1.346082	0.0	discard	[synthetic] exp 492: WARMUP_RATIO 0.0->0.05 (+0.005 bpb)
ac14378	1.340720	0.0	discard	[synthetic] exp 493: FINAL_LR_FRAC 0.2->0.1 (noise)
ac14378	1.347728	0.0	discard	[synthetic] exp 494: remove all dropout (+0.007 bpb)
ac14378	1.340720	0.0	discard	[synthetic] exp 495: STABLE_RATIO 0.50->0.70 (noise)
ac14378	1.346025	0.0	discard	[synthetic] exp 496: MLP expansion 2x->3x (+0.005 bpb, fewer steps)
ac14378	1.328068	0.0	discard	[synthetic] exp 497: label smoothing 0.06->0.0 (-0.013 bpb on synthetic, reverted to protect real-data perf)
ac14378	2.220231	0.0	discard	experiment 498: x0_lambdas Adam beta2 0.95->0.99 (+0.006 bpb)
ac14378	2.238333	0.0	discard	experiment 499: ASPECT_RATIO 32->36 wider model (+0.024 bpb)
ac14378	2.216263	0.0	discard	experiment 500: resid_lambdas Adam beta1 0.01->0.9 (+0.002 bpb)
ac14378	2.213152	0.0	discard	experiment 501: attn score dropout 0.1 (OOM kill exit 137)
ac14378	2.220918	0.0	discard	experiment 502: Adam beta1 0.01->0.02 (+0.006 bpb)
ac14378	2.214042	0.0	discard	experiment 503: constant Muon momentum 0.90 (noise, 3-run avg 2.2154)
ac14378	2.218032	0.0	discard	experiment 504: momentum start 0.85->0.88 (+0.003 bpb)
ac14378	2.219762	0.0	discard	experiment 505: keep GC enabled (+0.005 bpb)
4f095e7	2.213152	0.0	keep	experiment 506: tighten gradient clipping 0.5->0.4 (-0.001 bpb avg)
4f095e7	2.217132	0.0	discard	experiment 507: gradient clip 0.4->0.3 (+0.003 bpb)
4f095e7	2.219564	0.0	discard	experiment 508: STABLE_RATIO 0.50->0.45 (+0.006 bpb)
4f095e7	2.219266	0.0	discard	experiment 509: tiny random proj init 0.01*std (+0.005 bpb)
4f095e7	2.417047	0.0	discard	experiment 510: norm after x0 combination (+0.203 bpb)
4f095e7	2.218252	0.0	discard	experiment 511: truncated normal embedding init (+0.004 bpb)
4f095e7	2.214944	0.0	discard	experiment 512: add WD 0.001 to embeddings (+0.001 bpb)
4f095e7	2.225479	0.0	discard	experiment 513: GELU gate instead of SiLU (+0.011 bpb)
4f095e7	2.213444	0.0	discard	experiment 514: NorMuon clamp 1e-10->1e-8 (noise, 3-run avg 2.2141)
4f095e7	2.239379	0.0	discard	experiment 515: remove Muon aspect ratio LR scaling (+0.025 bpb)
4f095e7	2.215797	0.0	discard	experiment 516: resid_lambdas LR 0.01->0.02 (+0.002 bpb)
4f095e7	2.308970	0.0	discard	experiment 517: remove dmodel LR scaling (+0.095 bpb)
4f095e7	2.213588	0.0	discard	experiment 518: count step 0 toward time budget (noise)
4f095e7	2.218056	0.0	discard	experiment 519: MLP hidden 2x->2.5x (+0.004 bpb)
4f095e7	2.222036	0.0	discard	experiment 520: x0_lambdas Adam beta1 0.5->0.3 (+0.008 bpb)
8dc4504	2.213111	0.0	keep	experiment 521: linear warmdown instead of cosine (-0.001 bpb avg)
8dc4504	2.244309	0.0	discard	experiment 522: WARMDOWN_RATIO 0.9->0.95 with linear (+0.031 bpb)
8dc4504	2.215038	0.0	discard	experiment 523: STABLE_RATIO 0.50->0.55 with linear (+0.002 bpb)
8dc4504	2.221880	0.0	discard	experiment 524: FINAL_LR_FRAC 0.2->0.3 (+0.009 bpb)
8dc4504	2.223460	0.0	discard	experiment 525: WARMDOWN_RATIO 0.9->0.85 with linear (+0.010 bpb)
8dc4504	2.221733	0.0	discard	experiment 526: embedding init std 1.0->0.7 (+0.009 bpb)
8dc4504	2.214920	0.0	discard	experiment 527: MATRIX_LR 0.20->0.19 (+0.002 bpb)
8dc4504	2.213346	0.0	discard	experiment 528: MATRIX_LR 0.20->0.21 (noise, 2-run avg 2.2146)
8dc4504	2.213679	0.0	discard	experiment 529: WEIGHT_DECAY 0.03->0.04 (+0.001 bpb)
8dc4504	2.211374	0.0	discard	experiment 530: Adam eps 1e-10->1e-8 (noise, 3-run avg 2.2137)
8dc4504	2.213938	0.0	discard	experiment 531: FINAL_LR_FRAC 0.2->0.15 (+0.001 bpb)
8dc4504	2.219764	0.0	discard	experiment 532: dropout 0.1 on x0 skip (+0.007 bpb)
8dc4504	2.217476	0.0	discard	experiment 533: Muon beta2 0.99->0.97 (+0.004 bpb)
546f5ad	2.280700	0.0	keep	experiment 543: x0_lambdas init 0.1->0.05 (-0.022 bpb, CPU)
546f5ad	2.281133	0.0	discard	experiment 544: x0_lambdas init 0.02 (+0.001 bpb)
6816a17	2.276500	0.0	keep	experiment 545: embedding dropout 0.2->0.15 (-0.004 bpb, CPU)
6816a17	2.297212	0.0	discard	experiment 546: embed dropout 0.10 (+0.021 bpb)
6816a17	2.276512	0.0	discard	experiment 547: config dropout 0.2->0.15 (no effect, overridden)
6816a17	2.276885	0.0	discard	experiment 548: attn_dropout 0.15->0.12 (noise)
6816a17	2.275800	0.0	discard	experiment 549: mlp_dropout 0.25->0.30 (noise, -0.0007)
f4f23f7	2.274800	0.0	keep	experiment 550: label smoothing 0.06->0.04 (-0.002 bpb, CPU)
ffd2eec	2.274200	0.0	keep	experiment 551: label smoothing 0.04->0.02 (-0.001 bpb, CPU)
af3727d	2.270500	0.0	keep	experiment 552: remove label smoothing (-0.004 bpb, CPU)
af3727d	2.283068	0.0	discard	experiment 553: MATRIX_LR 0.20->0.25 (+0.013 bpb)
af3727d	2.270800	0.0	discard	experiment 554: grad clip 0.4->0.3 (noise)
af3727d	2.271174	0.0	discard	experiment 555: EMBEDDING_LR 0.7->0.5 (+0.001 bpb)
af3727d	2.270832	0.0	discard	experiment 556: EMBEDDING_LR 0.7->1.0 (noise)
af3727d	2.273080	0.0	discard	experiment 557: WEIGHT_DECAY 0.03->0.02 (+0.003 bpb)
af3727d	2.334233	0.0	discard	experiment 558: x0_lambdas init 0.0 (+0.064 bpb)
af3727d	2.284144	0.0	discard	experiment 559: lm_head init std 0.001->0.01 (+0.014 bpb)
28088c7	2.250000	0.0	keep	experiment 560: UNEMBEDDING_LR 0.004->0.006 (-0.021 bpb, CPU)
28088c7	2.253353	0.0	discard	experiment 561: UNEMBEDDING_LR 0.008 (+0.003 bpb)
5781d49	2.246900	0.0	keep	experiment 562: SCALAR_LR 0.25->0.35 (-0.003 bpb, CPU)
5781d49	2.249289	0.0	discard	experiment 563: SCALAR_LR 0.50 (+0.003 bpb)
5781d49	2.247000	0.0	discard	experiment 564: Adam beta2 0.95->0.99 (noise)
5781d49	2.247126	0.0	discard	experiment 565: init std factor 3->5 (noise)
5781d49	2.249677	0.0	discard	experiment 566: MLP hidden 2x->3x (+0.003 bpb)
5781d49	2.249306	0.0	discard	experiment 567: Muon final momentum 0.90->0.95 (+0.003 bpb)
5781d49	2.341550	0.0	discard	experiment 568: ASPECT_RATIO 32->48 CPU (+0.095 bpb)
5781d49	2.246600	0.0	discard	experiment 569: WARMDOWN_RATIO 0.9->0.85 (noise)
5781d49	2.247595	0.0	discard	experiment 570: RoPE base 3000->2000 (noise)
c430e3f	2.245500	0.0	keep	experiment 571: FINAL_LR_FRAC 0.2->0.1 (-0.001 bpb, CPU)
c430e3f	2.246094	0.0	discard	experiment 572: FINAL_LR_FRAC 0.05 (+0.001 bpb)
c430e3f	2.248472	0.0	discard	experiment 574: DEVICE_BATCH_SIZE 32->16 (+0.003 bpb)
c430e3f	2.301072	0.0	discard	experiment 575: WARMUP_RATIO 0.05 (+0.056 bpb)
c430e3f	2.245540	0.0	discard	experiment 576: Muon beta2 0.99->0.95 (noise)
c430e3f	2.246748	0.0	discard	experiment 577: STABLE_RATIO 0.50->0.40 (+0.001 bpb)
c430e3f	2.261371	0.0	discard	experiment 578: pre+post norm in blocks (+0.016 bpb)
c430e3f	2.246029	0.0	discard	experiment 579: remove cautious WD mask (noise)
c430e3f	2.245580	0.0	discard	experiment 580: resid_lambdas LR 0.01->0.02 (noise)
c430e3f	2.245868	0.0	discard	experiment 581: polar express norm 1.02->1.05 (noise)
c430e3f	2.247806	0.0	discard	experiment 582: GELU instead of SiLU (+0.002 bpb)
c430e3f	2.247879	0.0	discard	experiment 583: embedding init std 1.0->0.5 (+0.002 bpb)
c430e3f	2.246649	0.0	discard	experiment 584: remove QK norm (+0.001 bpb)
c430e3f	2.246981	0.0	discard	experiment 585: MATRIX_LR 0.20->0.18 (+0.002 bpb)
c430e3f	2.378423	0.0	discard	experiment 586: c_proj init small nonzero (+0.133 bpb)
c430e3f	2.289276	0.0	discard	experiment 587: DEPTH 4->5 CPU (+0.044 bpb)
c430e3f	2.249700	0.0	discard	experiment 588: DEPTH 4->3 CPU (+0.004 bpb, high var)
c430e3f	2.246591	0.0	discard	experiment 589: x0 Adam beta1 0.5->0.1 (+0.001 bpb)
c430e3f	2.246648	0.0	discard	experiment 590: K init half of Q init (noise)
c430e3f	2.246587	0.0	discard	experiment 591: dropout before c_proj in MLP (noise)
c430e3f	2.245612	0.0	discard	experiment 592: EMBEDDING_LR 0.7->0.9 (noise)
c430e3f	2.246879	0.0	discard	experiment 593: UNEMBEDDING_LR 0.006->0.007 (+0.001 bpb)
c430e3f	2.245479	0.0	discard	experiment 594: WEIGHT_DECAY 0.03->0.05 (noise)
c430e3f	2.251648	0.0	discard	experiment 595: shared Q-K projection (+0.006 bpb)
c430e3f	2.250423	0.0	discard	experiment 596: count step 0 in time budget (+0.005 bpb)
c430e3f	2.245915	0.0	discard	experiment 597: constant momentum 0.90 (noise)
ebf1a3d	2.262856	0.0	baseline	baseline (tinyshakespeare, fresh session): DEPTH=4, ASPECT_RATIO=32, HEAD_DIM=64, MATRIX_LR=0.20, EMBEDDING_LR=0.7, WD=0.03, WARMUP=0.0, STABLE=0.65, WARMDOWN=0.9, FINAL_LR=0.03, WINDOW=L, RoPE=3000
ebf1a3d	2.275234	0.0	discard	experiment 895: n_kv_head=1 multi-query attention (+0.012 bpb, also slower 12 vs 17 steps)
ebf1a3d	2.269817	0.0	discard	experiment 896: reduce embedding dropout 0.08->0.06 (+0.007 bpb)
ebf1a3d	2.262944	0.0	discard	experiment 897: reduce attn_dropout 0.08->0.05 (noise, +0.000 bpb)
ebf1a3d	2.262780	0.0	discard	experiment 898: reduce mlp_dropout 0.25->0.22 (noise, -0.000 bpb)
8e04683	2.250165	0.0	discard	experiment 914: WEIGHT_DECAY 0.03->0.10 (+0.007 bpb)
9f40e28	2.244213	0.0	discard	experiment 925: mlp_dropout 0.25->0.30 (noise, +0.001 bpb)
e4eb1c5	2.240519	0.0	keep	experiment 926: STABLE_RATIO 0.65->0.50 (-0.002 bpb, more cooldown)
d14371c	2.240736	0.0	discard	experiment 927: STABLE_RATIO 0.50->0.40 (noise, +0.000 bpb)
803b19f	2.239893	0.0	keep	experiment 928: WARMDOWN_RATIO 0.9->0.95 (-0.001 bpb, longer warmdown)
8bd9de1	2.239615	0.0	keep	experiment 929: WARMDOWN_RATIO 0.95->1.0 (-0.000 bpb, full warmdown)
ab2fa58	2.239431	0.0	keep	experiment 930: STABLE_RATIO 0.50->0.45 (-0.000 bpb, earlier decay)
275b115	2.239012	0.0	keep	experiment 931: STABLE_RATIO 0.45->0.35 (-0.000 bpb, earlier decay)
5a96bf8	2.240776	0.0	discard	experiment 932: STABLE_RATIO 0.35->0.25 (+0.002 bpb, too much decay)
0a9f730	2.277613	0.0	discard	experiment 933: TOTAL_BATCH_SIZE 2^18->2^19 (+0.039 bpb, too few steps)
8c30d61	2.238993	0.0	keep	experiment 934: RoPE base 3000->5000 (-0.000 bpb)
634b22f	2.241166	0.0	discard	experiment 935: MATRIX_LR 0.20->0.25 (+0.002 bpb)
f5ef3f5	2.237105	0.0	keep	experiment 936: MATRIX_LR 0.20->0.15 (-0.002 bpb)
0a2f8e7	2.236922	0.0	keep	experiment 937: MATRIX_LR 0.15->0.10 (-0.000 bpb)
7025432	2.237585	0.0	discard	experiment 938: MATRIX_LR 0.10->0.05 (+0.001 bpb, too low)
349b304	2.237871	0.0	discard	experiment 939: EMBEDDING_LR 0.7->1.0 (+0.001 bpb)
00e5f12	2.237503	0.0	discard	experiment 940: EMBEDDING_LR 0.7->0.5 (+0.001 bpb)
ee930a2	2.248451	0.0	discard	experiment 941: UNEMBEDDING_LR 0.006->0.004 (+0.012 bpb)
b0a4995	2.237822	0.0	discard	experiment 942: grad clip 0.4->0.3 (+0.001 bpb)
1d2493e	2.236872	0.0	keep	experiment 943: GELU->SiLU activation (-0.000 bpb, SwiGLU)
794bd21	2.236849	0.0	keep	experiment 944: WEIGHT_DECAY 0.03->0.01 (-0.000 bpb)
3382666	2.235275	0.0	keep	experiment 945: ASPECT_RATIO 32->48 (-0.002 bpb, wider 192-dim model)
07dd456	2.239566	0.0	discard	experiment 946: ASPECT_RATIO 48->64 (+0.004 bpb, too slow)
5d4ad3e	2.236517	0.0	discard	experiment 947: HEAD_DIM 64->48 (+0.001 bpb, smaller heads worse)
182a868	2.235873	0.0	discard	experiment 948: DEPTH 4->3 (+0.001 bpb, not enough capacity)
7a0c96a	2.237955	0.0	discard	experiment 950: DEVICE_BATCH_SIZE 16->8 (+0.001 bpb, no speedup)
360acd7	2.236242	0.0	keep	experiment 951: MLP hidden 2x->1.5x (-0.001 bpb, fewer params)
890ade9	2.242546	0.0	discard	experiment 952: DEPTH 4->5 (+0.006 bpb, too slow at 256 dim)
b685fd4	2.240156	0.0	discard	experiment 953: DEPTH 5 + ASPECT_RATIO 38 (+0.004 bpb, too slow)
c9a39ab	2.236186	0.0	keep	experiment 954: dropout 0.2->0.15 (-0.000 bpb)
eb333f9	2.236308	0.0	discard	experiment 955: mlp_dropout 0.25->0.20 (+0.000 bpb)
5fb77ad	2.236394	0.0	discard	experiment 956: attn_dropout 0.08->0.04 (+0.000 bpb)
fccc19e	2.237073	0.0	discard	experiment 957: STABLE_RATIO 0.35->0.40 (+0.001 bpb)
44e49c9	2.251149	0.0	discard	experiment 958: TOTAL_BATCH_SIZE 2^18->2^17 (+0.015 bpb, too noisy)
51cd6ae	2.236763	0.0	discard	experiment 959: embedding dropout 0.08->0.0 (+0.001 bpb)
0873534	2.240060	0.0	discard	experiment 960: linear->cosine LR decay (+0.004 bpb)
8b51590	2.236605	0.0	discard	experiment 961: FINAL_LR_FRAC 0.03->0.01 (+0.000 bpb)
8345c74	2.236455	0.0	discard	experiment 962: RoPE base 5000->4000 (+0.000 bpb)
1eaa9f8	2.238074	0.0	discard	experiment 963: MLP hidden 1.5x->1.667x (+0.002 bpb)
fcd3c37	2.236876	0.0	discard	experiment 964: MLP hidden 1.5x->1.333x (+0.001 bpb)
500acd4	2.237058	0.0	discard	experiment 965: attn_dropout 0.08->0.04 + embedding dropout 0.08->0.04 (+0.001 bpb)
0597d40	2.235718	0.0	keep	experiment 966: remove QK-norm (-0.000 bpb)
cde05f3	2.238646	0.0	discard	experiment 967: x0_lambda init 0.05->0.10 (+0.003 bpb)
8f047a0	2.235661	0.0	keep	experiment 968: x0_lambda init 0.05->0.0 (remove input bypass, -0.000 bpb)
cead69b	2.236197	0.0	discard	experiment 969: SCALAR_LR 0.50->0.25 (+0.001 bpb)
89b12d4	2.281372	0.0	discard	experiment 970: ADAM_BETAS (0.01,0.99)->(0.9,0.999) (+0.046 bpb)
8f9e674	2.236206	0.0	discard	experiment 971: EMBEDDING_LR 0.7->1.0 (+0.001 bpb)
ebc2bf1	2.234604	0.0	keep	experiment 972: grad clip 0.4->0.3 (-0.001 bpb)
0ad062f	2.234886	0.0	discard	experiment 973: grad clip 0.3->0.2 (+0.000 bpb)
99f3b8a	2.234248	0.0	keep	experiment 974: STABLE_RATIO 0.35->0.25 (-0.000 bpb)
f582420	2.235114	0.0	discard	experiment 975: STABLE_RATIO 0.25->0.15 (+0.001 bpb)
41916b4	2.234331	0.0	discard	experiment 976: MATRIX_LR 0.10->0.08 (+0.000 bpb)
c4d15d1	2.258438	0.0	discard	experiment 977: UNEMBEDDING_LR 0.006->0.01 (+0.024 bpb)
c483a72	2.240741	0.0	discard	experiment 978: embedding dropout 0.08->0.0 (+0.006 bpb)
1b13cc5	2.234439	0.0	discard	experiment 979: WEIGHT_DECAY 0.01->0.0 (+0.000 bpb)
2937e79	2.234650	0.0	discard	experiment 980: init std (2/3n)^0.5->(2/5n)^0.5 (+0.000 bpb)
2afb6a0	2.235407	0.0	discard	experiment 981: Muon momentum ramp 8->4 steps (+0.001 bpb)
09f9cb4	2.349920	0.0	discard	experiment 982: label smoothing 0.0->0.05 (+0.116 bpb)
e713d88	2.235853	0.0	discard	experiment 983: mlp_dropout 0.25->0.20 (+0.002 bpb)
e020f6e	2.236136	0.0	discard	experiment 984: mlp_dropout 0.25->0.30 (+0.002 bpb)
870b2af	2.234038	0.0	keep	experiment 985: FINAL_LR_FRAC 0.03->0.05 (-0.000 bpb)
92ab0cd	2.234816	0.0	discard	experiment 986: FINAL_LR_FRAC 0.05->0.08 (+0.001 bpb)
7f61b41	2.234379	0.0	discard	experiment 987: remove post-embedding norm (+0.000 bpb)
026fc0d	2.236147	0.0	discard	experiment 988: DEVICE_BATCH_SIZE 16->32 (+0.002 bpb)
553eaca	2.235889	0.0	discard	experiment 989: linear->cosine LR decay (+0.002 bpb)
5cfd12b	2.247236	0.0	discard	experiment 990: ASPECT_RATIO 48->56 (+0.013 bpb)
45112b7	2.233115	0.0	keep	experiment 991: MATRIX_LR 0.10->0.12 (-0.001 bpb)
3df3162	2.233574	0.0	discard	experiment 992: MATRIX_LR 0.12->0.15 (+0.000 bpb)
f7c909e	2.234554	0.0	discard	experiment 993: EMBEDDING_LR 0.7->0.5 (+0.001 bpb)
cbbb8ab	2.234469	0.0	discard	experiment 994: Muon ns_steps 1->2 (+0.001 bpb)
3140f39	2.235561	0.0	discard	experiment 995: WEIGHT_DECAY 0.01->0.02 (+0.002 bpb)
5fd03eb	2.234147	0.0	discard	experiment 996: SCALAR_LR 0.50->1.0 (+0.001 bpb)
77f63b0	2.239049	0.0	discard	experiment 997: HEAD_DIM 64->32 (+0.006 bpb)
99269f2	2.234055	0.0	discard	experiment 998: STABLE_RATIO 0.25->0.20 (+0.001 bpb)
78f1d03	2.245446	0.0	discard	experiment 999: WARMUP_RATIO 0.0->0.05 (+0.012 bpb)
3f799a4	2.237152	0.0	discard	experiment 1000: embedding dropout 0.08->0.12 (+0.004 bpb)
cf70566	2.239184	0.0	discard	experiment 1001: lm_head init std 0.001->0.01 (+0.006 bpb)
7237e70	2.235351	0.0	discard	experiment 1002: RoPE base 5000->10000 (+0.002 bpb)
1e76dbe	2.235251	0.0	discard	experiment 1003: dropout 0.15->0.10 (+0.002 bpb)
5009698	2.233858	0.0	discard	experiment 1004: Muon beta2 0.99->0.95 (+0.001 bpb)
4a9a4e4	2.234507	0.0	discard	experiment 1005: Muon momentum 0.95->0.90 (+0.001 bpb)
5ca881e	2.233760	0.0	discard	experiment 1006: ADAM_BETAS beta1 0.01->0.02 (+0.001 bpb)
0338926	2.234008	0.0	discard	experiment 1007: embedding init std 1.0->0.5 (+0.001 bpb)
94644e3	2.243597	0.0	discard	experiment 1008: remove resid_lambdas from forward (+0.010 bpb)
056ec9b	2.234243	0.0	discard	experiment 1009: RoPE base 5000->2500 (+0.001 bpb)
0effe8d	2.234188	0.0	discard	experiment 1010: MATRIX_LR 0.12->0.11 (+0.001 bpb)
ee8a020	2.258320	0.0	discard	experiment 1011: UNEMBEDDING_LR 0.006->0.01 (+0.025 bpb)
86832c4	2.233884	0.0	discard	experiment 1012: grad clip 0.3->0.25 (+0.001 bpb)
2aa7705	2.236766	0.0	discard	experiment 1013: MLP hidden 1.5x->2x (+0.004 bpb)
b536319	2.255057	0.0	discard	experiment 1014: UNEMBEDDING_LR 0.006->0.004 (+0.022 bpb)
e1855d2	2.235415	0.0	discard	experiment 1015: remove cautious WD mask (+0.002 bpb)
8738f76	2.235304	0.0	discard	experiment 1016: EMBEDDING_LR 0.7->1.0 (+0.002 bpb)
7768c13	2.234582	0.0	discard	experiment 1017: MATRIX_LR 0.12->0.13 (+0.001 bpb)
d792407	2.235475	0.0	discard	experiment 1018: SiLU->GELU activation (+0.002 bpb)
43c6feb	2.235567	0.0	discard	experiment 1019: Muon momentum warmup 8->4 steps (+0.002 bpb)
97fb0e2	2.235478	0.0	discard	experiment 1020: ADAM_BETAS beta2 0.99->0.95 (+0.002 bpb)
21a5d76	2.239695	0.0	discard	experiment 1021: DEPTH 5 ASPECT_RATIO 38 (+0.007 bpb)
367ad14	2.381443	0.0	discard	experiment 1022: linear weight decay schedule WD*1->0.5 (+0.006 bpb)
6a8c3b2	2.238983	0.0	discard	experiment 1036: c_proj init small random (+0.002 bpb)
c2e49e6	2.233632	0.0	keep	experiment 1037: DEPTH 4->3 (-0.003 bpb, 12 steps)
09fd0f3	2.233536	0.0	keep	experiment 1055: grad clip 0.3->0.2 (-0.000 bpb)
2f9a1e4	2.233234	0.0	keep	experiment 1056: grad clip 0.2->0.15 (-0.000 bpb)
f1f72d1	2.233086	0.0	keep	experiment 1057: grad clip 0.15->0.10 (-0.000 bpb)
a43440b	2.233066	0.0	keep	experiment 1058: grad clip 0.10->0.05 (-0.000 bpb)
f349cb7	2.233040	0.0	keep	experiment 1066: attn_dropout 0.08->0.12 (-0.000 bpb)
f023170	2.232905	0.0	keep	experiment 1070: embedding dropout 0.08->0.10 (-0.000 bpb)
bea499e	2.238514	0.0	keep	experiment 1157: RoPE base 5000->10000 (-0.004 bpb)
b0511b2	2.385844	0.0	discard	experiment 1158: FINAL_LR_FRAC 0.05->0.02 (+0.032 bpb)
c1d8270	2.345932	0.0	keep	experiment 1159: embedding dropout 0.10->0.12 (-0.008 bpb)
82f1420	2.372006	0.0	discard	experiment 1160: embedding dropout 0.12->0.15 (+0.026 bpb)
bb5ae3e	2.356809	0.0	discard	experiment 1161: mlp_dropout 0.25->0.20 (+0.011 bpb)
66429b3	2.356681	0.0	discard	experiment 1162: mlp_dropout 0.25->0.30 (+0.011 bpb)
f3dcfaf	2.359681	0.0	discard	experiment 1163: WEIGHT_DECAY 0.01->0.02 (+0.014 bpb)
b609207	2.273314	0.0	keep	experiment 1164: TOTAL_BATCH_SIZE 2^18->2^17 (-0.073 bpb)
11fbcbc	1.787604	0.0	keep	experiment 1171: DEPTH 3->4 (-0.017 bpb vs new baseline 1.805, more model capacity)
5fa34d4	1.912305	0.0	discard	experiment 1172: DEPTH 4->5 (+0.125 bpb, too large for 5-min budget, only 12 steps)
7ebda2f	1.826658	0.0	discard	experiment 1173: HEAD_DIM 64->32 (+0.039 bpb, more heads but slower and worse)
a862da3	1.803022	0.0	discard	experiment 1174: FINAL_LR_FRAC 0.05->0.01 (+0.015 bpb, deeper decay didn't help)
bb48ab4	1.823401	0.0	discard	experiment 1175: SCALAR_LR 0.45->0.30 (+0.036 bpb, lower scalar LR hurt)
1bfe66c	1.829210	0.0	discard	experiment 1176: increase EMBEDDING_LR 0.7->1.0 (+0.042 bpb, worse with warmup)
aa18a0e	1.831261	0.0	discard	experiment 1177: reduce WARMUP_RATIO 0.10->0.05 (+0.044 bpb)
aa18a0e	1.806633	0.0	discard	experiment 1178: increase STABLE_RATIO 0.25->0.35 (+0.019 bpb)
aa18a0e	0.000000	0.0	discard	experiment 1179: DEVICE_BS 16->32 TOTAL_BS 2^16 (killed, 40s/step too slow, only 11 steps + eval timeout)
31581e4	1.572328	0.0	keep	experiment 1180: DEVICE_BS 16->8, TOTAL_BS 2^15->2^14 (-0.215 bpb, 61 steps vs 18)
31581e4	1.585916	0.0	discard	experiment 1181: DEVICE_BS 4, TOTAL_BS 2^13 (+0.014 bpb, too noisy at 113 steps)
31581e4	1.587317	0.0	discard	experiment 1182: reduce all dropout 0.15/0.12/0.15->0.10/0.08/0.10 (+0.015 bpb)
31581e4	1.588554	0.0	discard	experiment 1183: increase dropout 0.15/0.12/0.15->0.20/0.15/0.20 (+0.016 bpb)
31581e4	1.632661	0.0	discard	experiment 1184: DEPTH 4->5 with BS=8 (+0.060 bpb, only 39 steps)
31581e4	1.585474	0.0	discard	experiment 1185: MATRIX_LR 0.12->0.06 (+0.013 bpb)
d178c29	1.565988	0.0	keep	experiment 1186: relax gradient clipping 0.05->0.10 (-0.006 bpb)
d178c29	1.568592	0.0	discard	experiment 1187: grad clip 0.10->0.20 (+0.003 bpb)
d178c29	1.578624	0.0	discard	experiment 1188: EMBEDDING_LR 0.7->0.5 (+0.013 bpb)
d178c29	1.605961	0.0	discard	experiment 1189: WEIGHT_DECAY 0.01->0.0 (+0.040 bpb)
d178c29	1.590749	0.0	discard	experiment 1190: WEIGHT_DECAY 0.01->0.03 (+0.025 bpb)
d178c29	1.596536	0.0	discard	experiment 1191: embedding dropout 0.12->0.08 (+0.031 bpb)
d178c29	1.598249	0.0	discard	experiment 1192: STABLE_RATIO 0.25->0.15 (+0.032 bpb)
d178c29	1.625173	0.0	discard	experiment 1193: MATRIX_LR 0.12->0.15 (+0.059 bpb)
d178c29	1.569337	0.0	discard	experiment 1194: MATRIX_LR 0.12->0.10 (+0.003 bpb)
d178c29	1.602096	0.0	discard	experiment 1195: cosine warmdown (+0.036 bpb)
d178c29	1.657484	0.0	discard	experiment 1196: grad_accum=2 for BS=8 (+0.091 bpb, only 31 steps)
none	1.634738	0.0	DISCARD	experiment 1197: MLP hidden 1.5x->2x (bigger MLP capacity, +0.069 bpb worse)
none	1.605947	0.0	DISCARD	experiment 1198: FINAL_LR_FRAC 0.05->0.01 (lower minimum LR, +0.040 bpb worse)
none	1.580511	0.0	DISCARD	experiment 1199: FINAL_LR_FRAC 0.05->0.10 (higher minimum LR, +0.015 bpb worse)
da273bc	1.505541	0.0	KEPT	experiment 1200: UNEMBEDDING_LR 0.006->0.012 (-0.060 bpb improvement)
none	1.550780	0.0	DISCARD	experiment 1201: UNEMBEDDING_LR 0.012->0.024 (too high, training instability, +0.045 bpb worse)
none	1.518473	0.0	DISCARD	experiment 1202: EMBEDDING_LR 0.7->1.4 (+0.013 bpb worse)
40e8b6f	1.481486	0.0	KEPT	experiment 1203: SCALAR_LR 0.45->0.90 (-0.024 bpb improvement)
none	1.534479	0.0	DISCARD	experiment 1204: MATRIX_LR 0.12->0.18 (too high, instability, +0.053 bpb worse)
559794c	1.480336	0.0	KEPT	experiment 1205: embedding dropout 0.12->0.08 (-0.001 bpb improvement)
48a46c0	1.473435	0.0	KEPT	experiment 1206: reduce all dropout 0.15/0.12/0.15->0.10/0.08/0.10 (-0.007 bpb)
none	1.505696	0.0	DISCARD	experiment 1207: WARMUP_RATIO 0.10->0.15 (longer warmup wasted steps, +0.032 bpb worse)
none	1.493145	0.0	DISCARD	experiment 1208: WARMUP_RATIO 0.10->0.05 (too short, early instability, +0.020 bpb worse)
none	1.530580	0.0	DISCARD	experiment 1209: STABLE_RATIO 0.25->0.40 (too much at peak LR, +0.057 bpb worse)
none	1.492671	0.0	DISCARD	experiment 1210: ADAM_BETAS beta2 0.99->0.95 (+0.019 bpb worse)
none	1.475502	0.0	DISCARD	experiment 1211: grad clip 0.10->0.15 (+0.002 bpb worse)
none	1.481895	0.0	DISCARD	experiment 1212: WEIGHT_DECAY 0.01->0.0 (+0.008 bpb worse)
4b07572	1.470452	0.0	KEPT	experiment 1214: zero all dropout 0.10/0.08/0.10->0.0/0.0/0.0 (-0.003 bpb)
none	1.475531	0.0	DISCARD	experiment 1215: EMBEDDING_LR 0.7->1.0 (+0.005 bpb worse)
none	1.476563	0.0	DISCARD	experiment 1216: SCALAR_LR 0.90->1.20 (+0.006 bpb worse)
none	1.487673	0.0	DISCARD	experiment 1217: MATRIX_LR 0.12->0.15 (+0.017 bpb worse)
none	1.485874	0.0	DISCARD	experiment 1218: UNEMBEDDING_LR 0.012->0.016 (+0.015 bpb worse)
none	1.485558	0.0	DISCARD	experiment 1219: WEIGHT_DECAY 0.01->0.02 (+0.015 bpb worse)
none	1.480649	0.0	DISCARD	experiment 1220: STABLE_RATIO 0.25->0.15 (+0.010 bpb worse)
none	1.555936	0.0	DISCARD	experiment 1221: DEVICE_BS 8->4, TOTAL_BS 2^14->2^13 (+0.085 bpb, too noisy)
none	1.498589	0.0	DISCARD	experiment 1222: DEPTH 4->3 (+0.028 bpb, not enough capacity)
d356004	1.466534	0.0	KEPT	experiment 1223: FINAL_LR_FRAC 0.05->0.10 (-0.004 bpb)
none	1.470855	0.0	DISCARD	experiment 1224: FINAL_LR_FRAC 0.10->0.15 (+0.004 bpb worse)
8486161	1.462670	0.0	KEPT	experiment 1225: ADAM_BETAS beta1 0.01->0.05 (-0.004 bpb)
none	1.473446	0.0	DISCARD	experiment 1226: ADAM_BETAS beta1 0.05->0.10 (+0.011 bpb worse)
none	1.468136	0.0	DISCARD	experiment 1227: WARMUP_RATIO 0.10->0.05 (+0.005 bpb worse)
none	1.466363	0.0	DISCARD	experiment 1228: STABLE_RATIO 0.25->0.30 (+0.004 bpb worse)
none	1.471934	0.0	DISCARD	experiment 1229: EMBEDDING_LR 0.7->0.5 (+0.009 bpb worse)
none	0.0	0.0	DISCARD	experiment 1230: grad clip 0.10->0.05 (OOM killed)
none	1.202729	0.0	DISCARD	experiment 1231: MATRIX_LR 0.12->0.10 (INVALID - system speed changed after OOM, ~200 steps vs 64)
8486161	1.266556	0.0	baseline	baseline (tinyshakespeare, post-OOM speed change): DEPTH=4, ASPECT_RATIO=48, HEAD_DIM=64, MATRIX_LR=0.12, EMBEDDING_LR=0.7, SCALAR_LR=0.90, WD=0.01, WARMUP=0.10, STABLE=0.25, WARMDOWN=1.0, FINAL_LR=0.10, dropout=0.0, 221 steps
none	1.320929	0.0	DISCARD	experiment 1232: WARMUP_RATIO 0.10->0.05 (+0.054 bpb worse)
none	1.308748	0.0	DISCARD	experiment 1233: STABLE_RATIO 0.25->0.35 (+0.042 bpb worse)
b458238	1.108559	0.0	KEPT	experiment 1234: MATRIX_LR 0.12->0.08 (-0.158 bpb)
none	1.123685	0.0	DISCARD	experiment 1235: MATRIX_LR 0.08->0.05 (+0.015 bpb worse)
none	1.243136	0.0	DISCARD	experiment 1236: MATRIX_LR 0.08->0.10 (+0.135 bpb worse)
c4743d9	1.049125	0.0	KEPT	experiment 1237: MATRIX_LR 0.08->0.06 (-0.059 bpb)
1ab08ea	1.011655	0.0	KEPT	experiment 1238: MATRIX_LR 0.06->0.04 (-0.037 bpb)
none	1.132287	0.0	DISCARD	experiment 1239: MATRIX_LR 0.04->0.03 (+0.121 bpb worse)
none	1.175646	0.0	DISCARD	experiment 1240: EMBEDDING_LR 0.7->0.4 (+0.164 bpb worse)
none	1.188007	0.0	DISCARD	experiment 1241: EMBEDDING_LR 0.7->0.5 (+0.177 bpb worse)
none	1.074037	0.0	DISCARD	experiment 1242: EMBEDDING_LR 0.7->1.0 (+0.063 bpb worse)
none	1.174943	0.0	DISCARD	experiment 1243: SCALAR_LR 0.90->0.50 (+0.164 bpb worse)
none	1.039360	0.0	DISCARD	experiment 1244: UNEMBEDDING_LR 0.012->0.008 (+0.028 bpb worse)
none	1.163325	0.0	DISCARD	experiment 1245: WEIGHT_DECAY 0.01->0.03 (+0.152 bpb worse)
none	1.180249	0.0	DISCARD	experiment 1246: dropout 0.0->0.10/0.08/0.10 (+0.169 bpb worse)
none	1.091744	0.0	DISCARD	experiment 1247: FINAL_LR_FRAC 0.10->0.05 (+0.080 bpb worse)
none	1.238024	0.0	DISCARD	experiment 1248: FINAL_LR_FRAC 0.10->0.20 (+0.226 bpb worse)
none	1.208577	0.0	DISCARD	experiment 1249: ASPECT_RATIO 48->32 (+0.197 bpb worse)
none	1.224873	0.0	DISCARD	experiment 1250: ADAM_BETAS beta1 0.05->0.01 (+0.213 bpb worse)
none	1.055998	0.0	DISCARD	experiment 1251: TOTAL_BS 2^14->2^13, DEVICE_BS 8->4 (+0.044 bpb worse)
none	1.321454	0.0	DISCARD	experiment 1252: DEPTH 4->5 (+0.310 bpb worse)
none	1.130087	0.0	DISCARD	experiment 1253: DEPTH 4->3 (+0.119 bpb worse)
none	1.102516	0.0	DISCARD	experiment 1254: MATRIX_LR 0.04->0.035 (+0.091 bpb worse)
none	1.122741	0.0	DISCARD	experiment 1255: MATRIX_LR 0.04->0.045 (+0.111 bpb worse)
none	1.260195	0.0	DISCARD	experiment 1256: SCALAR_LR 0.90->0.60 (+0.249 bpb worse)
none	1.207312	0.0	DISCARD	experiment 1257: grad clip 0.10->0.20 (+0.196 bpb worse)
none	1.287284	0.0	DISCARD	experiment 1258: UNEMBEDDING_LR 0.012->0.006 (+0.276 bpb worse)
none	1.203029	0.0	DISCARD	experiment 1259: STABLE_RATIO 0.25->0.15 (+0.192 bpb worse)
none	1.142287	0.0	DISCARD	experiment 1260: cosine warmdown instead of linear (+0.131 bpb worse)
none	1.097438	0.0	DISCARD	experiment 1261: Muon momentum target 0.98->0.95 (+0.086 bpb worse)
none	1.245537	0.0	DISCARD	experiment 1262: x0_lambdas init 0.0->0.1 (+0.234 bpb worse)
none	1.109085	0.0	DISCARD	experiment 1263: ADAM_BETAS beta2 0.99->0.95 (+0.097 bpb worse)
1313c53	0.994833	0.0	KEPT	experiment 1264: Muon ns_steps 1->2 (-0.017 bpb, 3-run avg)
ed73240	0.893164	0.0	KEPT	experiment 1265: Muon ns_steps 2->3 (-0.102 bpb, 3-run avg)
a442b6c	0.749338	0.0	KEPT	experiment 1266: Muon ns_steps 3->4 (-0.144 bpb, 3-run avg)
84b8131	0.702334	0.0	KEPT	experiment 1267: Muon ns_steps 4->5 (-0.047 bpb, 3-run avg)
none	0.972901	0.0	DISCARD	experiment 1268: MATRIX_LR 0.04->0.06 (+0.271 bpb worse)
066ce66	0.693719	0.0	KEPT	experiment 1269: MATRIX_LR 0.04->0.03 (-0.009 bpb, 3-run avg)
none	0.877067	0.0	DISCARD	experiment 1270: MATRIX_LR 0.03->0.02 (+0.183 bpb worse)
none	0.726824	0.0	DISCARD	experiment 1271: EMBEDDING_LR 0.7->1.0 (+0.033 bpb worse)
none	0.769319	0.0	DISCARD	experiment 1272: SCALAR_LR 0.90->1.20 (+0.076 bpb worse)
none	0.695768	0.0	DISCARD	experiment 1273: WARMDOWN_RATIO 1.0->0.9 (noise, 4-run avg)
none	0.798098	0.0	DISCARD	experiment 1274: UNEMBEDDING_LR 0.012->0.016 (+0.104 bpb worse)
none	0.690825	0.0	DISCARD	experiment 1275: grad clip 0.10->0.05 (noise)
1caa626	0.639448	0.0	KEPT	experiment 1276: WEIGHT_DECAY 0.01->0.0 (-0.054 bpb, 3-run avg)
none	0.828143	0.0	DISCARD	experiment 1277: MATRIX_LR 0.03->0.02 (+0.189 bpb worse)
none	0.691070	0.0	DISCARD	experiment 1278: MATRIX_LR 0.03->0.04 (+0.052 bpb worse)
none	0.666469	0.0	DISCARD	experiment 1279: STABLE_RATIO 0.25->0.35 (+0.027 bpb worse)
none	0.668715	0.0	DISCARD	experiment 1280: WARMUP_RATIO 0.10->0.05 (+0.029 bpb worse)
none	0.703803	0.0	DISCARD	experiment 1281: Muon beta2 0.99->0.95 (+0.064 bpb, 3-run avg)
none	1.012013	0.0	DISCARD	experiment 1282: FINAL_LR_FRAC 0.10->0.05 (+0.373 bpb worse)
none	0.879967	0.0	DISCARD	experiment 1283: FINAL_LR_FRAC 0.10->0.20 (+0.241 bpb worse)
none	0.933398	0.0	DISCARD	experiment 1284: TOTAL_BS 2^14->2^15 (+0.294 bpb, only 121 steps)
none	0.646786	0.0	DISCARD	experiment 1285: grad clip 0.10->1.00 (noise)
none	0.647000	0.0	DISCARD	experiment 1286: ADAM_BETAS beta1 0.05->0.10 (3-run avg 0.647 vs baseline 0.639)
none	1.433024	0.0	DISCARD	experiment 1287: Muon momentum target 0.98->0.90 (+0.794 bpb, way too low)
none	1.433024	0.0	DISCARD	experiment 1288: Muon momentum target 0.98->0.95 (+0.081 bpb vs new env baseline 1.352)
none	1.487663	0.0	DISCARD	experiment 1289: EMBEDDING_LR 0.7->0.5 (+0.136 bpb worse)
none	1.538545	0.0	DISCARD	experiment 1290: ASPECT_RATIO 48->64 (larger model, only 68 steps, +0.187 bpb worse)
none	1.127697	0.0	DISCARD	experiment 1288: Muon momentum target 0.98->0.95 (+0.428 vs new baseline)
none	0.739169	0.0	DISCARD	experiment 1292: MATRIX_LR 0.03->0.04 (+0.039 bpb worse)
none	0.824425	0.0	DISCARD	experiment 1293: MATRIX_LR 0.03->0.02 (+0.124 bpb worse)
none	0.934301	0.0	DISCARD	experiment 1294: DEPTH 4->6 with ASPECT_RATIO=32 (+0.234 bpb, too slow)
none	0.976250	0.0	DISCARD	experiment 1295: DEVICE_BS=16 TOTAL_BS=2^15 (+0.276 bpb, too few steps)
none	0.705136	0.0	DISCARD	experiment 1296: DEVICE_BS=4 TOTAL_BS=2^13 (+0.005 bpb, noise)
none	0.740115	0.0	DISCARD	experiment 1297: ASPECT_RATIO 32->24 (+0.040 bpb worse)
none	0.752144	0.0	DISCARD	experiment 1298: HEAD_DIM 64->32 (+0.052 bpb worse)
none	0.730646	0.0	DISCARD	experiment 1299: EMBEDDING_LR 0.7->1.0 (+0.031 bpb worse)
none	0.739352	0.0	DISCARD	experiment 1300: grad clip 0.10->0.50 (+0.039 bpb worse)
none	0.700333	0.0	DISCARD	experiment 1301: WARMUP_RATIO 0.10->0.05 (3-run avg 0.700, same as baseline)
none	0.714975	0.0	DISCARD	experiment 1302: SCALAR_LR 0.90->0.50 (+0.015 bpb worse)
none	0.890230	0.0	DISCARD	experiment 1303: ns_steps 5->3 (+0.190 bpb worse)
none	0.787687	0.0	DISCARD	experiment 1304: UNEMBEDDING_LR 0.012->0.020 (+0.088 bpb worse)
none	0.757660	0.0	DISCARD	experiment 1305: STABLE_RATIO 0.25->0.35 (+0.058 bpb worse)
none	0.738600	0.0	DISCARD	experiment 1306: STABLE_RATIO 0.25->0.15 (+0.039 bpb worse)
none	0.748777	0.0	DISCARD	experiment 1307: FINAL_LR_FRAC 0.10->0.01 (+0.049 bpb worse)
none	0.748664	0.0	DISCARD	experiment 1308: DEPTH 4->3 (+0.049 bpb worse)
none	0.768196	0.0	DISCARD	experiment 1309: MLP hidden 3/2->2 (+0.068 bpb worse)
none	0.770088	0.0	DISCARD	experiment 1310: Muon momentum 0.95->0.90 (+0.070 bpb worse)
none	0.709853	0.0	DISCARD	experiment 1311: ADAM_BETAS beta2 0.99->0.95 (3-run avg 0.710, +0.010 worse)
none	0.760671	0.0	DISCARD	experiment 1312: WEIGHT_DECAY 0.0->0.01 (+0.061 bpb worse)
none	0.707092	0.0	DISCARD	experiment 1313: RoPE base 10000->5000 (3-run avg 0.707, +0.007 noise)
none	0.845000	0.0	DISCARD	experiment 1314: embedding dropout 0.0->0.05 (+0.145 bpb worse)
none	0.748000	0.0	DISCARD	experiment 1315: DEPTH 4->5 (+0.048 bpb worse)
none	0.784309	0.0	DISCARD	experiment 1316: EMBEDDING_LR 0.7->0.8 (+0.084 bpb worse)
none	0.752053	0.0	DISCARD	experiment 1317: EMBEDDING_LR 0.7->0.6 (+0.052 bpb worse)
none	0.739719	0.0	DISCARD	experiment 1318: ADAM_BETAS beta1 0.05->0.02 (+0.040 bpb worse)
none	0.726618	0.0	DISCARD	experiment 1319: Muon beta2 0.99->0.999 (+0.027 bpb worse)
none	0.705517	0.0	DISCARD	experiment 1320: grad clip 0.10->0.05 (3-run avg 0.706, +0.006 noise)
none	0.730944	0.0	DISCARD	experiment 1321: UNEMBEDDING_LR 0.012->0.008 (+0.031 bpb worse)
none	0.731726	0.0	DISCARD	experiment 1322: SCALAR_LR 0.90->1.20 (+0.032 bpb worse)
none	0.724440	0.0	DISCARD	experiment 1323: WARMUP_RATIO 0.10->0.05 (+0.024 bpb worse)
none	0.000000	0.0	DISCARD	experiment 1324: DEVICE_BATCH_SIZE 8->16 (assertion error, batch too large)
1d42939	0.688527	0.0	keep	experiment 1325: halve CPU batch size 2^14->2^13, device 8->4 (3-run avg 0.688, -0.012 bpb)
none	0.821246	0.0	DISCARD	experiment 1326: TOTAL_BATCH_SIZE 2^13->2^12 (+0.133 bpb, too small batch)
none	0.601864	0.0	keep	experiment 1327: MATRIX_LR 0.03->0.02 (3-run avg 0.602, -0.086 bpb)
none	0.649933	0.0	DISCARD	experiment 1328: MATRIX_LR 0.02->0.015 (2-run avg 0.650, worse)
none	0.622828	0.0	DISCARD	experiment 1329: MATRIX_LR 0.02->0.025 (+0.021 bpb worse)
none	0.634461	0.0	DISCARD	experiment 1330: EMBEDDING_LR 0.7->0.5 (+0.039 bpb worse)
none	0.649492	0.0	DISCARD	experiment 1331: STABLE_RATIO 0.25->0.35 (+0.054 bpb worse)
d46417f	0.594730	0.0	keep	experiment 1332: SCALAR_LR 0.90->0.60 (3-run avg 0.595, -0.007 bpb)
none	0.653695	0.0	DISCARD	experiment 1333: UNEMBEDDING_LR 0.012->0.006 (+0.059 bpb worse)
none	0.623678	0.0	DISCARD	experiment 1334: EMBEDDING_LR 0.7->0.4 (+0.029 bpb worse)
none	0.634126	0.0	DISCARD	experiment 1335: grad clip 0.10->0.05 (+0.039 bpb worse)
none	0.699445	0.0	DISCARD	experiment 1336: Muon ns_steps 5->3 (+0.104 bpb worse)
none	0.639315	0.0	DISCARD	experiment 1337: FINAL_LR_FRAC 0.10->0.01 (2-run avg 0.640, worse)
cb7ff32	0.556774	0.0	keep	experiment 1338: ASPECT_RATIO 32->48 (3-run avg 0.557, -0.038 bpb)
none	0.568394	0.0	DISCARD	experiment 1339: ASPECT_RATIO 48->64 (3-run avg 0.568, within noise)
none	0.636382	0.0	DISCARD	experiment 1340: DEPTH 4->5 with AR48 (+0.079 bpb, too few steps)
none	0.633851	0.0	DISCARD	experiment 1341: MATRIX_LR 0.02->0.015 (+0.077 bpb worse)
none	0.561330	0.0	DISCARD	experiment 1342: ADAM_BETAS beta1 0.05->0.10 (+0.004 noise)
none	0.605259	0.0	DISCARD	experiment 1343: HEAD_DIM 64->48 (+0.048 bpb worse)
none	0.558642	0.0	DISCARD	experiment 1344: WARMDOWN_RATIO 1.0->0.80 (3-run avg 0.559, noise)
none	0.669000	0.0	DISCARD	experiment 1345: MLP hidden 3/2->2 (+0.112 bpb worse)
none	0.667000	0.0	DISCARD	experiment 1346: Muon momentum 0.95->0.98 (+0.110 bpb worse)
none	0.559000	0.0	DISCARD	experiment 1347: RoPE base 10000->5000 (3-run avg 0.559, noise)
none	0.561000	0.0	DISCARD	experiment 1348: MATRIX_LR 0.02->0.025 (+0.004 noise)
none	0.584000	0.0	DISCARD	experiment 1349: WARMUP_RATIO 0.10->0.15 (+0.027 bpb worse)
